name,islands,area,height,type,longitude,latitude
Амеланд,&lt; &lt; Вестфриз &gt; &gt;,57.6,,,5.75,53.5
Сан-Томе,,859.0,2024.0,вулканическое,6.6,0.2
Корс,,8680.0,2706.0,,8.4,41.4
Сулавеси,Острова Сунда,189216.0,3455.0,вулканическое,120.3,-2.1
Бишоп Рок,Шилли-Айлендс,,,,-6.3,50.0
Гран-Терре,Малые Антильские острова,589.0,,вулканическое,-61.4,16.3
Гран-Коморо,Коморы,1148.0,,,43.4,-11.7
Остров Св. Елены,,122.0,,вулканическое,-5.44,-15.56
Антигуа,Малые Антильские острова,281.0,400.0,,-61.8,17.05
Сент-Мартин,Малые Антильские острова,87.0,411.0,,-63.1,18.1
Норт-Уист,Внешние гебриды,303.0,,,-7.1,57.4
Корво,Азоры,17.5,718.0,вулканическое,-31.1,39.7
Площадь,,7439.0,,,12.0,55.3
Лангёг,&quot; Ostfrisische Inseln &quot;,20.0,5.0,,7.5,53.65
Барра,Внешние гебриды,91.0,,,-7.7,57.0
Тутуила,Острова Самоа,135.0,,вулканическое,-170.42,-14.16
Уполу,Острова Самоа,1125.0,1158.0,вулканическое,-171.75,-13.9
Тристан-да-Кунья,,104.0,,вулканическое,-12.3,-37.1
Батам,Острова Сунда,415.0,,,104.05,1.1
Организация &lt; &lt; Новая Каледония &gt; &gt;,Новая Каледония,16372.0,1628.0,,166.27,-22.16
Бонайре,Малые Антильские острова,288.0,,,-68.3,12.2
Салина,Острова Липари,26.8,962.0,вулканическое,14.9,38.6
Сент-Люсия,Малые Антильские острова,616.0,950.0,вулканическое,-60.5,14.0
Футуна,Острова Футуна,64.0,,,-178.1,-14.3
Фуэн,,2976.0,,,10.25,55.35
Лонг-Айленд,,3566.0,,,-73.3,40.8
Ниуэ,,260.0,67.0,кораллы,-169.55,-19.01
Куба,Большие Антильские острова,105806.0,1974.0,,-79.0,22.0
Новое Провидение,Острова Бахама,207.0,,,-77.4,25.0
Полезность,,445.0,,,14.1,53.9
Остеринсел,,163.0,,вулканическое,-109.35,-27.1
Гран Канариа,Канареи,1560.0,1949.0,вулканическое,-15.6,28.0
Мужской,Мальдивские Острова,2.74,1.0,Атолл,72.0,2.0
Каваратти,Лаккадии,6.0,2.0,,72.6,10.6
Сицилия,,25462.0,3323.0,,14.0,37.0
Фонгафейл,Острова Эллис,2.8,,Атолл,179.1,-8.5
Ниихау,Гавайские острова,178.0,381.0,,-160.1,21.9
Маджуро,Маршалловы Острова,9.2,,Атолл,171.4,7.1
Мауи,Гавайские острова,1883.0,3055.0,,-156.3,20.7
Эмбон,Молукканские острова,775.0,1225.0,,128.2,-3.7
Самар,Филиппины,13080.0,,,125.1,12.0
Шри-Ланка,,65610.0,,,80.0,7.0
Льюис и Харрис,Внешние гебриды,2170.0,,,-6.8,57.9
Барбадос,Малые Антильские острова,430.0,336.0,Лайм,-59.3,13.0
Южный Рональдси,Оркнейские острова,50.0,,,-3.1,58.6
Суматра,Острова Сунда,473000.0,3805.0,,102.0,0.0
Бахрейн,,620.0,135.0,,50.5,26.0
Анжуан,Коморы,424.0,,,44.35,-12.2
Маллорка,Балайры,3618.0,1445.0,,3.0,39.3
Сент-Томас,Малые Антильские острова,31.0,,,-64.9,18.3
Остров Бэнкс,Канадские Арктические острова,70028.0,,,-122.1,72.85
Флорес,Азоры,143.0,914.0,вулканическое,-31.2,39.5
Мадейра,Мадейра,794.0,1861.0,вулканическое,-16.0,31.0
Вануа Леву,Острова Фиджи,5500.0,,вулканическое,179.25,-16.35
Ломбок,Острова Сунда,4725.0,3726.0,вулканическое,116.5,-8.4
Новая Гвинея,,786000.0,4884.0,,142.0,-5.0
Южное Уист,Внешние гебриды,320.0,,,-7.2,57.2
Воссоединение,,2510.0,3069.0,вулканическое,55.5,-20.9
Тобаго,Малые Антильские острова,301.0,576.0,,-60.7,11.25
Сент-Китс,Малые Антильские острова,164.0,1156.0,вулканическое,-62.75,17.3
Басс-Терре,Малые Антильские острова,848.0,1467.0,вулканическое,-61.8,16.15
Вити Леву,Острова Фиджи,10429.0,,вулканическое,178.0,-17.8
Остров Сан-Мигель,Калифорнийские Нормандские острова,37.0,259.0,,-120.4,33.0
Джерси,Нормандские острова,117.0,,,-2.1,49.2
Рота,Марианские острова,85.0,495.0,,145.2,15.15
Борнхольм,,588.0,162.0,,14.9,55.1
Свальбард,Свальбард,39044.0,1717.0,,18.2,78.9
Фехмарн,,185.0,27.2,,11.2,54.4
Сент-Пьер,,26.0,,,-56.0,47.0
Негры,Филиппины,13328.0,2435.0,,123.0,10.0
Западный Фолкленд,Фолклендские острова,4532.0,700.0,,-60.1,-51.8
Мартиника,Малые Антильские острова,1128.0,1397.0,вулканическое,-61.0,14.6
Гозо,Мальта,67.0,176.0,,14.3,36.05
Себу,Филиппины,5088.0,1000.0,,123.8,10.4
Кракатау,Острова Сунда,,813.0,вулканическое,105.6,-6.1
Углы,Британские острова,715.0,,,-4.4,53.3
Аландская,Аландские острова,650.0,,,20.0,60.1
Остров Санта-Каталина,Калифорнийские Нормандские острова,194.0,648.0,,-118.2,33.2
Norderney,&quot; Ostfrisische Inseln &quot;,26.3,5.0,,7.9,53.7
Юра,Внутренние гебриды,367.0,785.0,,-6.0,56.0
Увеа,Острова Уоллис,90.0,,,-176.2,-13.16
Лефкас,Ионные острова,293.0,1158.0,,20.6,38.7
Лансароте,Канареи,846.0,671.0,вулканическое,-13.6,29.0
Изабель,Галапагосские острова,5436.0,1707.0,вулканическое,-91.3,-1.0
Спиекерог,&quot; Ostfrisische Inseln &quot;,18.2,3.0,,7.6,53.8
Большие Бермудские острова,Бермудские острова,53.3,79.0,кораллы,-64.47,32.17
