country,target
ГНБ,неверующий
BZ,Крэстин
ТАД,неверующий
WS,Крэстин
Тука,Крэстин
Бен,неверующий
А,Крэстин
РЛ,неверующий
"Здравствуйте! Я готов помочь вам с переводом. Пожалуйста, предоставьте текст, который вы хотите перевести с английского на русский язык.",неверующий
Ри,неверующий
ТМ,неверующий
НАУ,Крэстин
ВД,Крэстин
МД,Крэстин
"Извините, но я не понимаю ваш запрос. Можете ли вы уточнить, что именно вам нужно перевести?",Крэстин
RSM,Крэстин
П,Крэстин
СУД,неверующий
БИХ,неверующий
Рождество,неверующий
АМСА,Крэстин
БР,Крэстин
Хонэкс,Крэстин
ПИТЦ,Крэстин
Мएस,неверующий
ФПоК,Крэстин
Спасибо,неверующий
"""М"" в русском языке будет ""М"".",Крэстин
SF,Крэстин
По,Крэстин
Индия,неверующий
Да/Да,Крэстин
Ц,Крэстин
БЕРМ,Крэстин
ДЖИ,неверующий
УЗБ,неверующий
Кейм,Крэстин
"Извините, я не понимаю ваш запрос. Пожалуйста, уточните, что именно вы хотите перевести?",Крэстин
"Okay, I will only provide translations without any additional text or output.",Крэстин
БХТ,неверующий
Q,неверующий
Норф,Крэстин
МНГ,неверующий
ВЛ,Крэстин
ММ,неверующий
ВИ,Крэстин
ОМ,неверующий
Рим,неверующий
ПК,неверующий
Добро пожаловать в Chatbot Coral! Я могу помочь вам с переводом текста с английского на русский язык и обратно. Как я могу помочь вам сегодня?,Крэстин
Ирак,неверующий
МХ,Крэстин
я,Крэстин
ДК,Крэстин
"Добро пожаловать! Я готов помочь вам с переводом. Пожалуйста, предоставьте текст, который вы хотите перевести на русский язык.",Крэстин
Боль,Крэстин
В,Крэстин
КИР,Крэстин
РП,Крэстин
Б,Крэстин
Система спутниковой навигации BeiDou,Крэстин
ТН,неверующий
EАК,Крэстин
Фиджи,Крэстин
f,Крэстин
ЛАР,неверующий
ФГУ,Крэстин
ГБЗ,Крэстин
МOC,Крэстин
ДЗ,неверующий
Австралия,Крэстин
Новая Зеландия,Крэстин
СК,Крэстин
Лаос,неверующий
ХКГ,Крэстин
ГЭ,Крэстин
Маео,неверующий
ТО,Крэстин
SLБ,Крэстин
